{
  "best_input_len": 432,
  "best_pred_len": 36,
  "best_val_loss": 0.029601800420785557,
  "metrics": {
    "mse": 1.8945897817611694,
    "rmse": 1.3764409837552678,
    "mae": 0.7955222725868225,
    "r2": 0.37496831417897003
  },
  "baseline_rmse": 1.3764244417375626
}