{
  "best_input_len": 432,
  "best_pred_len": 36,
  "best_val_loss": 0.029608593695732127,
  "metrics": {
    "mse": 1.894286870956421,
    "rmse": 1.3763309452876589,
    "mae": 0.795425534248352,
    "r2": 0.3750682246928687
  },
  "baseline_rmse": 1.3764244417375626
}